{"W_num": [[0.13800849117277203, -0.08749469244234388], [-0.13696229048889824, 0.04067108737506729], [-0.09747656238284573, -0.18284842847310304], [0.13090069912592506, -0.011119133069922058], [-0.0984585628797253, -0.032335594509590435], [0.40287883988431006, -0.10786368230712691], [0.020570520691136955, 0.29724996086390887], [0.18058584818870846, -0.35162122602420626], [0.11961589223964784, 0.2919079074420316], [0.36049641961999435, 0.32760454625135943], [0.21304361570635158, -0.05322259439864973], [0.2786301994879548, -0.12121022672082106]], "bias": [0.009553086012601852, -0.009553086012601852], "U": {"ueak": [0.04685904105689432, -0.07065747865774562], "udic": [-0.06650658563900354, -0.09962268781536378], "vente": [0.10313867387542613, 0.11387870141769628], "onee": [0.13468641671821402, 0.1934403537067382], "unlike": [0.059650400953949426, -0.2741440920857376], "democratic": [0.007754352626642317, 0.06559290439455527], "aked": [0.016944938094789475, -0.18820134735333421], "research": [0.0707063487039245, -0.17478669378445846], "ghes": [-0.15997093787891306, -0.03932955904140733], "payw": [0.04771652621066935, 0.1456894868186298], "oache": [-0.033432464562836356, -0.2574812908681297], "sparked": [0.039379263725547696, -0.05421926186454174], "regis": [0.028090717613649466, 0.05418197216215727], "etal": [0.022323625284046363, 0.14365004377795162], "ikel": [-0.20748392282798622, 0.06678952493222365], "efits": [-0.058917703958874974, 0.019912008027773282], "myste": [-0.13699089157154246, -0.20661564832212687], "generous": [0.04544251549894225, -0.055855979703594974], "efor": [0.11884914713348486, -0.079083424978734], "loak": [-0.026646859835623444, 0.2245326337238308], "reduction": [0.0141230134431375, 0.16669492570534714], "oten": [-0.03238549782435621, -0.18278919988880793], "cono": [0.06394015229231566, 0.19678114010898076], "dynam": [-0.11829915597216013, 0.006179173849203853], "nuin": [-0.027003679642108237, 0.04457439806661465], "rdle": [0.0008716667179967833, 0.17177742031806675], "cerem": [-0.07739613307908463, -0.08130408527196359], "passi": [0.17992708151813389, -0.04799896095107097], "eekl": [-0.0014788127911840132, -0.0818150584068634], "arli": [0.10342499902962395, 0.004402354572959196], "obal": [0.0004525370712600902, 0.004923380288787173], "ility": [0.039911369976081204, 0.11127907994977562], "bark": [-0.14231374054020812, -0.29423024666025865], "epit": [0.07810806160547624, 0.019304756638398653], "ssic": [-0.2677580808193484, -0.07545894270641805], "bann": [-0.15356094188501668, 0.13568186374826363], "ideas": [0.2981686647881111, -0.15775719712506234], "ered": [-0.12420799078889083, -0.002436794744509629], "citizens": [0.0023791713115048447, 0.2240006139613017], "governor": [-0.2524317094527129, -0.13596467544686702], "eeds": [0.13494336887926237, 0.04460772111310447], "auty": [-0.026999722254464772, -0.26468207068324545]}, "mu": [[0.0, 0.0, 0.0, 0.0, 0.0, 0.00044483982492238283, 0.0356002002954483, 43.06759262084961, 0.25400859117507935, 9.261038780212402, 0.452151358127594, 46.9103889465332]], "sigma": [[9.999999974752427e-07, 9.999999974752427e-07, 9.999999974752427e-07, 9.999999974752427e-07, 9.999999974752427e-07, 0.002521408721804619, 0.019877638667821884, 93.47180938720703, 0.04901086166501045, 20.97736930847168, 0.14508353173732758, 65.33439636230469]]}